Question,TrueAnswer
A list contains exactly 6 different counting numbers. No number in the list is a multiple of any other in the list. What is the least possible total of these 6 numbers?,41
Challenge: David and Zuming are dividing thirty apples. David only wants a multiple of two apples while Zuming only wants a multiple of three apples. Each wants at least one apple. How many ways can they divide the apples so that no apples are left over?,4
A number 342x5 is divisible by 25. What are the possible x?,"2,7"
How many non-congruent right triangles with integer leg lengths have area = 3¡Áperimeter?,6
